Task - 1,"Download a sample dataset of IPL cricket matches with columns like Match Date, Team, Venue, and Result, and create a PivotChart in Excel that shows the total number of matches played by each team.",,,,,,,,,,,,,,
,,,,,,,,,,,,,,,
,,,,,,,,,,,,,,,
,,,,,,,,,,,,,,,
Row Labels,Count of team2,,,,,,,,,,,,,,
KKR,18,,,,,,,,,,,,,,
CSK,19,,,,,,,,,,,,,,
RR,15,,,,,,,,,,,,,,
MI,21,,,,,,,,,,,,,,
DC,13,,,,,,,,,,,,,,
KXIP,14,,,,,,,,,,,,,,
RCB,16,,,,,,,,,,,,,,
DD,12,,,,,,,,,,,,,,
KTK,2,,,,,,,,,,,,,,
PW,4,,,,,,,,,,,,,,
SRH,8,,,,,,,,,,,,,,
RPS,1,,,,,,,,,,,,,,
GL,2,,,,,,,,,,,,,,
Grand Total,145,,,,,,,,,,,,,,
,,,,,,,,,,,,,,,
,,,,,,,,,,,,,,,
,,,,,,,,,,,,,,,
,,,,,,,,,,,,,,,
,,,,,,,,,,,,,,,
,,,,,,,,,,,,,,,
Task - 2,"Add a slicer to your PivotChart that allows you to filter the matches by Venue, so you can quickly see team performance at different stadiums.",,,,,,,,,,,,,,
,,,,,,,,,,,,,,,
,,,,,,,,,,,,,,,
,,,,,,,,,,,,,,,
winner,Count of id,,,,,,,,,,,,,,
N/A,1,,,,,,,,,,,,,,
KKR,17,,,,,,,,,,,,,,
CSK,19,,,,,,,,,,,,,,
DD,15,,,,,,,,,,,,,,
RCB,20,,,,,,,,,,,,,,
RR,14,,,,,,,,,,,,,,
KXIP,13,,,,,,,,,,,,,,
DC,9,,,,,,,,,,,,,,
MI,17,,,,,,,,,,,,,,
PW,6,,,,,,,,,,,,,,
KTK,1,,,,,,,,,,,,,,
SRH,9,,,,,,,,,,,,,,
RPS,2,,,,,,,,,,,,,,
GL,2,,,,,,,,,,,,,,
Grand Total,145,,,,,,,,,,,,,,
,,,,,,,,,,,,,,,
,,,,,,,,,,,,,,,
,,,,,,,,,,,,,,,
,,,,,,,,,,,,,,,
,,,,,,,,,,,,,,,
,,,,,,,,,,,,,,,
,,,,,,,,,,,,,,,
,,,,,,,,,,,,,,,
,,,,,,,,,,,,,,,
,,,,,,,,,,,,,,,
,,,,,,,,,,,,,,,
,,,,,,,,,,,,,,,
,,,,,,,,,,,,,,,
Task - 3,"Insert a Timeline slicer to your PivotChart based on the Match Date column, enabling you to filter and analyze team performance across different IPL seasons or months.",,,,,,,,,,,,,,
,,,,,,,,,,,,,,,
,,,,,,,,,,,,,,,
,,,,,,,,,,,,,,,
winner,Count of winner,,,,,,,,,,,,,,
N/A,1,,,,,,,,,,,,,,
KKR,17,,,,,,,,,,,,,,
CSK,19,,,,,,,,,,,,,,
DD,15,,,,,,,,,,,,,,
RCB,20,,,,,,,,,,,,,,
RR,14,,,,,,,,,,,,,,
KXIP,13,,,,,,,,,,,,,,
DC,9,,,,,,,,,,,,,,
MI,17,,,,,,,,,,,,,,
PW,6,,,,,,,,,,,,,,
KTK,1,,,,,,,,,,,,,,
SRH,9,,,,,,,,,,,,,,
RPS,2,,,,,,,,,,,,,,
GL,2,,,,,,,,,,,,,,
Grand Total,145,,,,,,,,,,,,,,
,,,,,,,,,,,,,,,
,,,,,,,,,,,,,,,
,,,,,,,,,,,,,,,
,,,,,,,,,,,,,,,
,,,,,,,,,,,,,,,
,,,,,,,,,,,,,,,
Task - 4,"Build an interactive dashboard in Excel that displays both a bar PivotChart of total wins by team and a line PivotChart of matches played over time, linking both charts to the same Venue slicer and Timeline so filters update both charts together.",,,,,,,,,,,,,,
,,,,,,,,,,,,,,,
,,,,,,,,,,,,,,,
winner,Count of winner,,,,,,,,,,,,,,
N/A,1,,,,,,,,,,,,,,
KKR,17,,,,,,,,,,,,,,
CSK,19,,,,,,,,,,,,,,
DD,15,,,,,,,,,,,,,,
RCB,20,,,,,,,,,,,,,,
RR,14,,,,,,,,,,,,,,
KXIP,13,,,,,,,,,,,,,,
DC,9,,,,,,,,,,,,,,
MI,17,,,,,,,,,,,,,,
PW,6,,,,,,,,,,,,,,
KTK,1,,,,,,,,,,,,,,
SRH,9,,,,,,,,,,,,,,
RPS,2,,,,,,,,,,,,,,
GL,2,,,,,,,,,,,,,,
Grand Total,145,,,,,,,,,,,,,,
,,,,,,,,,,,,,,,
,,,,,,,,,,,,,,,
Years (date),Count of id,,,,,,,,,,,,,,
2008,15,,,,,,,,,,,,,,
2009,15,,,,,,,,,,,,,,
2010,15,,,,,,,,,,,,,,
2011,15,,,,,,,,,,,,,,
2012,17,,,,,,,,,,,,,,
2013,16,,,,,,,,,,,,,,
2014,16,,,,,,,,,,,,,,
2015,18,,,,,,,,,,,,,,
2016,18,,,,,,,,,,,,,,
Grand Total,145,,,,,,,,,,,,,,
,,,,,,,,,,,,,,,
,,,,,,,,,,,,,,,
,,,,,,,,,,,,,,,
,,,,,,,,,,,,,,,
,,,,,,,,,,,,,,,
,,,,,,,,,,,,,,,
,,,,,,,,,,,,,,,
Task - 5,"Create a PivotChart that shows the number of matches won by each team per year, and format the chart to highlight the team with the highest wins in each year using conditional formatting or chart styles. Hint: Use the Value Filters and chart formatting options to emphasize the top performer.</em>",,,,,,,,,,,,,,
,,,,,,,,,,,,,,,
,,,,,,,,,,,,,,,
,,,,,,,,,,,,,,,
,,,,,,,,,,,,,,,
Count of winner,winner,,,,,,,,,,,,,,
season,N/A,KKR,CSK,DD,RCB,RR,KXIP,DC,MI,PW,KTK,SRH,RPS,GL,Grand Total
2008,,2,4,2,1,3,2,1,,,,,,,15
2009,,1,1,3,1,1,2,4,2,,,,,,15
2010,,2,2,2,3,1,,3,2,,,,,,15
2011,,2,2,,1,2,2,1,2,2,1,,,,15
2012,,2,2,3,1,2,1,,3,3,,,,,17
2013,,2,2,,2,2,1,,3,1,,3,,,16
2014,,2,3,2,2,2,4,,,,,1,,,16
2015,1,2,3,1,4,1,,,4,,,2,,,18
2016,,2,,2,5,,1,,1,,,3,2,2,18
Grand Total,1,17,19,15,20,14,13,9,17,6,1,9,2,2,145
