Task 2,"Create a Pivot Table to analyze total Sales and Profit by Region, and highlight which region has the highest profit.",,,,,,,,,
,,,,,,,,,,
Row Labels,Sum of Total Selling,Sum of Profit,,,,,,,,
East," ? 26,092.99 ", ? 312.48 ,,,,,,,,
North," ? 9,447.33 ", ? 390.00 ,,,,,,,,
South," ? 61,090.26 "," ? 1,252.75 ",,,,,,,,
West," ? 51,506.17 "," ? 1,082.00 ",,,,,,,,
Grand Total," ? 1,48,136.75 "," ? 3,037.23 ",,,,,,,,
,,,,,,,,,,
,,,,,,,,,,
,,,,,,,,,,
,,,,,,,,,,
,,,,,,,,,,
Task 4,"Design a simple dashboard on a new Excel sheet that displays total Sales, total Profit, and a bar chart of Sales by Category using data from the SampleSuperstore.csv file. Hint: Use Pivot Charts and summary formulas like SUM and COUNT.",,,,,,,,,
,,,,,,,,,,
Row Labels,Sum of Total Selling,Sum of Profit,,,,TOTAL SALES,,,TOTAL PROFIT,
East," ? 26,092.99 ", ? 312.48 ,,,,"?1,48,136.75",,,"?3,037.23",
North," ? 9,447.33 ", ? 390.00 ,,,,,,,,
South," ? 61,090.26 "," ? 1,252.75 ",,,,,,,,
West," ? 51,506.17 "," ? 1,082.00 ",,,,,,,,
Grand Total," ? 1,48,136.75 "," ? 3,037.23 ",,,,,,,,
,,,,,,,,,,
,,,,,,,,,,
,,,,,,,,,,
,,,,,,,,,,
,,,,,,,,,,
,,,,,,,,,,
,,,,,,,,,,
,,,,,,,,,,
,,,,,,,,,,
,,,,,,,,,,
,,,,,,,,,,
,,,,,,,,,,
,,,,,,,,,,
,,,,,,,,,,
,,,,,,,,,,
,,,,,,,,,,
,,,,,,,,,,
,,,,,,,,,,
,,,,,,,,,,
Task 5,"Use Excel's Quick Analysis or Recommended Charts tool to create a visualization that shows the top 5 most profitable Sub-Categories, and briefly describe your findings in a comment box.",,,,,,,,,
,,,,,,,,,,
,,,,,,,,,,
,,,,,,,,,,
,,,,,,,,,,
Row Labels,Sum of Profit,,Top 5 ,,,,,,,
Appliances, ? 142.48 ,,Sub Catagories,Sum of Profit,,,,,,
Art, ? 300.00 ,,Chairs,490,,,,,,
Binders, ? 435.50 ,,Binders,435.5,,,,,,
Bookcases, ? 350.00 ,,Bookcases,350,,,,,,
Chairs, ? 490.00 ,,Tables,320,,,,,,
Furnishings, ? 160.00 ,,Storage,301.78,,,,,,
Labels, ? 261.32 ,,,,,,,,,
Phones, ? 276.15 ,,,,,,,,,
Storage, ? 301.78 ,,,,,,,,,
Tables, ? 320.00 ,,,,,,,,,
Grand Total," ? 3,037.23 ",,,,,,,,,
